Cohorte;AnioDesdeIngreso;AnioObservado;TipoInstitucion;AmbitoFlexible;GrupoECS;BaseTrayectorias;RetenidosCarrera;RetenidosInstitucion;RetenidosEducacionSuperior;Personas;PersonasInstitucion;PersonasEducacionSuperior
2011;1;2011;Centros de Formación Técnica;No presencial;Resto IP+CFT;14;14;14;14;14;14;14
2011;1;2011;Centros de Formación Técnica;Semipresencial;Resto IP+CFT;972;972;972;972;972;972;972
2011;1;2011;Institutos Profesionales;No presencial;Resto IP+CFT;583;583;583;583;583;583;583
2011;1;2011;Institutos Profesionales;Semipresencial;Resto IP+CFT;2072;2072;2072;2072;2072;2072;2072
2011;2;2012;Centros de Formación Técnica;No presencial;Resto IP+CFT;14;2;2;3;14;2;3
2011;2;2012;Centros de Formación Técnica;Semipresencial;Resto IP+CFT;972;667;684;730;972;684;730
2011;2;2012;Institutos Profesionales;No presencial;Resto IP+CFT;583;266;280;304;583;280;304
2011;2;2012;Institutos Profesionales;Semipresencial;Resto IP+CFT;2072;1227;1282;1409;2072;1282;1409
2011;3;2013;Centros de Formación Técnica;No presencial;Resto IP+CFT;14;1;1;3;14;1;3
2011;3;2013;Centros de Formación Técnica;Semipresencial;Resto IP+CFT;972;489;508;661;972;508;661
2011;3;2013;Institutos Profesionales;No presencial;Resto IP+CFT;583;165;175;219;583;175;219
2011;3;2013;Institutos Profesionales;Semipresencial;Resto IP+CFT;2072;740;1086;1276;2072;1086;1276
2011;4;2014;Centros de Formación Técnica;No presencial;Resto IP+CFT;14;0;0;3;14;0;3
2011;4;2014;Centros de Formación Técnica;Semipresencial;Resto IP+CFT;972;51;63;315;972;63;315
2011;4;2014;Institutos Profesionales;No presencial;Resto IP+CFT;583;61;139;194;583;139;194
2011;4;2014;Institutos Profesionales;Semipresencial;Resto IP+CFT;2072;374;601;855;2072;601;855
2011;5;2015;Centros de Formación Técnica;No presencial;Resto IP+CFT;14;0;0;4;14;0;4
2011;5;2015;Centros de Formación Técnica;Semipresencial;Resto IP+CFT;972;14;25;269;972;25;269
2011;5;2015;Institutos Profesionales;No presencial;Resto IP+CFT;583;35;52;116;583;52;116
2011;5;2015;Institutos Profesionales;Semipresencial;Resto IP+CFT;2072;149;303;589;2072;303;589
2011;6;2016;Centros de Formación Técnica;No presencial;Resto IP+CFT;14;0;0;5;14;0;5
2011;6;2016;Centros de Formación Técnica;Semipresencial;Resto IP+CFT;972;9;15;234;972;15;234
2011;6;2016;Institutos Profesionales;No presencial;Resto IP+CFT;583;18;34;111;583;34;111
2011;6;2016;Institutos Profesionales;Semipresencial;Resto IP+CFT;2072;60;162;455;2072;162;455
2011;7;2017;Centros de Formación Técnica;No presencial;Resto IP+CFT;14;1;1;6;14;1;6
2011;7;2017;Centros de Formación Técnica;Semipresencial;Resto IP+CFT;972;5;6;184;972;6;184
2011;7;2017;Institutos Profesionales;No presencial;Resto IP+CFT;583;9;27;97;583;27;97
2011;7;2017;Institutos Profesionales;Semipresencial;Resto IP+CFT;2072;28;101;366;2072;101;366
2011;8;2018;Centros de Formación Técnica;No presencial;Resto IP+CFT;14;0;0;4;14;0;4
2011;8;2018;Centros de Formación Técnica;Semipresencial;Resto IP+CFT;972;0;0;130;972;0;130
2011;8;2018;Institutos Profesionales;No presencial;Resto IP+CFT;583;12;21;84;583;21;84
2011;8;2018;Institutos Profesionales;Semipresencial;Resto IP+CFT;2072;13;59;307;2072;59;307
2011;9;2019;Centros de Formación Técnica;No presencial;Resto IP+CFT;14;0;0;4;14;0;4
2011;9;2019;Centros de Formación Técnica;Semipresencial;Resto IP+CFT;972;1;1;102;972;1;102
2011;9;2019;Institutos Profesionales;No presencial;Resto IP+CFT;583;11;20;102;583;20;102
2011;9;2019;Institutos Profesionales;Semipresencial;Resto IP+CFT;2072;5;33;264;2072;33;264
2011;10;2020;Centros de Formación Técnica;No presencial;Resto IP+CFT;14;0;0;1;14;0;1
2011;10;2020;Centros de Formación Técnica;Semipresencial;Resto IP+CFT;972;0;0;102;972;0;102
2011;10;2020;Institutos Profesionales;No presencial;Resto IP+CFT;583;9;18;85;583;18;85
2011;10;2020;Institutos Profesionales;Semipresencial;Resto IP+CFT;2072;3;31;225;2072;31;225
2011;11;2021;Centros de Formación Técnica;No presencial;Resto IP+CFT;14;0;0;2;14;0;2
2011;11;2021;Centros de Formación Técnica;Semipresencial;Resto IP+CFT;972;1;1;123;972;1;123
2011;11;2021;Institutos Profesionales;No presencial;Resto IP+CFT;583;4;11;81;583;11;81
2011;11;2021;Institutos Profesionales;Semipresencial;Resto IP+CFT;2072;2;26;235;2072;26;235
2011;12;2022;Centros de Formación Técnica;No presencial;Resto IP+CFT;14;0;0;0;14;0;0
2011;12;2022;Centros de Formación Técnica;Semipresencial;Resto IP+CFT;972;0;0;122;972;0;122
2011;12;2022;Institutos Profesionales;No presencial;Resto IP+CFT;583;7;25;79;583;25;79
2011;12;2022;Institutos Profesionales;Semipresencial;Resto IP+CFT;2072;1;20;235;2072;20;235
2011;13;2023;Centros de Formación Técnica;No presencial;Resto IP+CFT;14;0;0;2;14;0;2
2011;13;2023;Centros de Formación Técnica;Semipresencial;Resto IP+CFT;972;0;0;105;972;0;105
2011;13;2023;Institutos Profesionales;No presencial;Resto IP+CFT;583;3;23;79;583;23;79
2011;13;2023;Institutos Profesionales;Semipresencial;Resto IP+CFT;2072;1;15;223;2072;15;223
2011;14;2024;Centros de Formación Técnica;No presencial;Resto IP+CFT;14;0;0;2;14;0;2
2011;14;2024;Centros de Formación Técnica;Semipresencial;Resto IP+CFT;972;0;0;96;972;0;96
2011;14;2024;Institutos Profesionales;No presencial;Resto IP+CFT;583;2;20;67;583;20;67
2011;14;2024;Institutos Profesionales;Semipresencial;Resto IP+CFT;2072;0;10;194;2072;10;194
2011;15;2025;Centros de Formación Técnica;No presencial;Resto IP+CFT;14;0;0;2;14;0;2
2011;15;2025;Centros de Formación Técnica;Semipresencial;Resto IP+CFT;972;0;0;88;972;0;88
2011;15;2025;Institutos Profesionales;No presencial;Resto IP+CFT;583;1;12;59;583;12;59
2011;15;2025;Institutos Profesionales;Semipresencial;Resto IP+CFT;2072;0;10;207;2072;10;207
2012;1;2012;Centros de Formación Técnica;No presencial;Resto IP+CFT;17;17;17;17;17;17;17
2012;1;2012;Centros de Formación Técnica;Semipresencial;Resto IP+CFT;930;930;930;930;930;930;930
2012;1;2012;Institutos Profesionales;No presencial;Resto IP+CFT;975;975;975;975;975;975;975
2012;1;2012;Institutos Profesionales;Semipresencial;Resto IP+CFT;3261;3261;3261;3261;3261;3261;3261
2012;2;2013;Centros de Formación Técnica;No presencial;Resto IP+CFT;17;3;3;5;17;3;5
2012;2;2013;Centros de Formación Técnica;Semipresencial;Resto IP+CFT;930;662;667;706;930;667;706
2012;2;2013;Institutos Profesionales;No presencial;Resto IP+CFT;975;397;421;470;975;421;470
2012;2;2013;Institutos Profesionales;Semipresencial;Resto IP+CFT;3261;1743;2142;2343;3261;2142;2343
2012;3;2014;Centros de Formación Técnica;No presencial;Resto IP+CFT;17;3;3;7;17;3;7
2012;3;2014;Centros de Formación Técnica;Semipresencial;Resto IP+CFT;930;504;515;657;930;515;657
2012;3;2014;Institutos Profesionales;No presencial;Resto IP+CFT;975;200;327;414;975;327;414
2012;3;2014;Institutos Profesionales;Semipresencial;Resto IP+CFT;3261;1518;1816;2094;3261;1816;2094
2012;4;2015;Centros de Formación Técnica;No presencial;Resto IP+CFT;17;3;3;11;17;3;11
2012;4;2015;Centros de Formación Técnica;Semipresencial;Resto IP+CFT;930;65;79;331;930;79;331
2012;4;2015;Institutos Profesionales;No presencial;Resto IP+CFT;975;185;229;338;975;229;338
2012;4;2015;Institutos Profesionales;Semipresencial;Resto IP+CFT;3261;602;1095;1436;3261;1095;1436
2012;5;2016;Centros de Formación Técnica;No presencial;Resto IP+CFT;17;0;0;5;17;0;5
2012;5;2016;Centros de Formación Técnica;Semipresencial;Resto IP+CFT;930;22;33;289;930;33;289
2012;5;2016;Institutos Profesionales;No presencial;Resto IP+CFT;975;58;97;202;975;97;202
2012;5;2016;Institutos Profesionales;Semipresencial;Resto IP+CFT;3261;241;540;943;3261;540;943
2012;6;2017;Centros de Formación Técnica;No presencial;Resto IP+CFT;17;0;0;5;17;0;5
2012;6;2017;Centros de Formación Técnica;Semipresencial;Resto IP+CFT;930;6;11;217;930;11;217
2012;6;2017;Institutos Profesionales;No presencial;Resto IP+CFT;975;26;61;167;975;61;167
2012;6;2017;Institutos Profesionales;Semipresencial;Resto IP+CFT;3261;66;244;661;3261;244;661
2012;7;2018;Centros de Formación Técnica;No presencial;Resto IP+CFT;17;0;0;4;17;0;4
2012;7;2018;Centros de Formación Técnica;Semipresencial;Resto IP+CFT;930;0;0;159;930;0;159
2012;7;2018;Institutos Profesionales;No presencial;Resto IP+CFT;975;18;53;155;975;53;155
2012;7;2018;Institutos Profesionales;Semipresencial;Resto IP+CFT;3261;34;130;507;3261;130;507
2012;8;2019;Centros de Formación Técnica;No presencial;Resto IP+CFT;17;0;0;5;17;0;5
2012;8;2019;Centros de Formación Técnica;Semipresencial;Resto IP+CFT;930;0;0;129;930;0;129
2012;8;2019;Institutos Profesionales;No presencial;Resto IP+CFT;975;16;53;149;975;53;149
2012;8;2019;Institutos Profesionales;Semipresencial;Resto IP+CFT;3261;16;79;410;3261;79;410
2012;9;2020;Centros de Formación Técnica;No presencial;Resto IP+CFT;17;1;1;4;17;1;4
2012;9;2020;Centros de Formación Técnica;Semipresencial;Resto IP+CFT;930;0;0;102;930;0;102
2012;9;2020;Institutos Profesionales;No presencial;Resto IP+CFT;975;9;31;122;975;31;122
2012;9;2020;Institutos Profesionales;Semipresencial;Resto IP+CFT;3261;10;50;351;3261;50;351
2012;10;2021;Centros de Formación Técnica;No presencial;Resto IP+CFT;17;0;0;4;17;0;4
2012;10;2021;Centros de Formación Técnica;Semipresencial;Resto IP+CFT;930;0;0;95;930;0;95
2012;10;2021;Institutos Profesionales;No presencial;Resto IP+CFT;975;7;43;141;975;43;141
2012;10;2021;Institutos Profesionales;Semipresencial;Resto IP+CFT;3261;6;50;389;3261;50;389
2012;11;2022;Centros de Formación Técnica;No presencial;Resto IP+CFT;17;0;0;2;17;0;2
2012;11;2022;Centros de Formación Técnica;Semipresencial;Resto IP+CFT;930;0;0;100;930;0;100
2012;11;2022;Institutos Profesionales;No presencial;Resto IP+CFT;975;10;41;126;975;41;126
2012;11;2022;Institutos Profesionales;Semipresencial;Resto IP+CFT;3261;5;38;403;3261;38;403
2012;12;2023;Centros de Formación Técnica;No presencial;Resto IP+CFT;17;0;0;5;17;0;5
2012;12;2023;Centros de Formación Técnica;Semipresencial;Resto IP+CFT;930;0;0;89;930;0;89
2012;12;2023;Institutos Profesionales;No presencial;Resto IP+CFT;975;7;32;124;975;32;124
2012;12;2023;Institutos Profesionales;Semipresencial;Resto IP+CFT;3261;6;41;372;3261;41;372
2012;13;2024;Centros de Formación Técnica;No presencial;Resto IP+CFT;17;0;0;1;17;0;1
2012;13;2024;Centros de Formación Técnica;Semipresencial;Resto IP+CFT;930;0;0;105;930;0;105
2012;13;2024;Institutos Profesionales;No presencial;Resto IP+CFT;975;6;23;112;975;23;112
2012;13;2024;Institutos Profesionales;Semipresencial;Resto IP+CFT;3261;3;31;350;3261;31;350
2012;14;2025;Centros de Formación Técnica;No presencial;Resto IP+CFT;17;0;0;2;17;0;2
2012;14;2025;Centros de Formación Técnica;Semipresencial;Resto IP+CFT;930;0;0;84;930;0;84
2012;14;2025;Institutos Profesionales;No presencial;Resto IP+CFT;975;2;19;116;975;19;116
2012;14;2025;Institutos Profesionales;Semipresencial;Resto IP+CFT;3261;0;24;352;3261;24;352
2013;1;2013;Centros de Formación Técnica;No presencial;Resto IP+CFT;5;5;5;5;5;5;5
2013;1;2013;Centros de Formación Técnica;Semipresencial;Resto IP+CFT;1112;1112;1112;1112;1112;1112;1112
2013;1;2013;Institutos Profesionales;No presencial;Resto IP+CFT;1827;1827;1827;1827;1827;1827;1827
2013;1;2013;Institutos Profesionales;Semipresencial;Resto IP+CFT;5368;5368;5368;5368;5367;5367;5367
2013;2;2014;Centros de Formación Técnica;No presencial;Resto IP+CFT;5;1;1;3;5;1;3
2013;2;2014;Centros de Formación Técnica;Semipresencial;Resto IP+CFT;1112;758;781;827;1112;781;827
2013;2;2014;Institutos Profesionales;No presencial;Resto IP+CFT;1827;694;885;983;1827;885;983
2013;2;2014;Institutos Profesionales;Semipresencial;Resto IP+CFT;5368;2757;3511;3813;5367;3511;3813
2013;3;2015;Centros de Formación Técnica;No presencial;Resto IP+CFT;5;1;1;2;5;1;2
2013;3;2015;Centros de Formación Técnica;Semipresencial;Resto IP+CFT;1112;519;543;741;1112;543;741
2013;3;2015;Institutos Profesionales;No presencial;Resto IP+CFT;1827;604;633;809;1827;633;809
2013;3;2015;Institutos Profesionales;Semipresencial;Resto IP+CFT;5368;1827;2765;3208;5367;2765;3208
2013;4;2016;Centros de Formación Técnica;No presencial;Resto IP+CFT;5;0;0;2;5;0;2
2013;4;2016;Centros de Formación Técnica;Semipresencial;Resto IP+CFT;1112;91;104;455;1112;104;455
2013;4;2016;Institutos Profesionales;No presencial;Resto IP+CFT;1827;272;324;527;1827;324;527
2013;4;2016;Institutos Profesionales;Semipresencial;Resto IP+CFT;5368;723;1616;2160;5367;1616;2160
2013;5;2017;Centros de Formación Técnica;No presencial;Resto IP+CFT;5;0;0;2;5;0;2
2013;5;2017;Centros de Formación Técnica;Semipresencial;Resto IP+CFT;1112;13;16;319;1112;16;319
2013;5;2017;Institutos Profesionales;No presencial;Resto IP+CFT;1827;78;149;358;1827;149;358
2013;5;2017;Institutos Profesionales;Semipresencial;Resto IP+CFT;5368;306;812;1383;5367;812;1383
2013;6;2018;Centros de Formación Técnica;No presencial;Resto IP+CFT;5;0;0;1;5;0;1
2013;6;2018;Centros de Formación Técnica;Semipresencial;Resto IP+CFT;1112;1;3;250;1112;3;250
2013;6;2018;Institutos Profesionales;No presencial;Resto IP+CFT;1827;55;113;334;1827;113;334
2013;6;2018;Institutos Profesionales;Semipresencial;Resto IP+CFT;5368;91;344;897;5367;344;897
2013;7;2019;Centros de Formación Técnica;No presencial;Resto IP+CFT;5;0;0;1;5;0;1
2013;7;2019;Centros de Formación Técnica;Semipresencial;Resto IP+CFT;1112;0;1;180;1112;1;180
2013;7;2019;Institutos Profesionales;No presencial;Resto IP+CFT;1827;29;91;315;1827;91;315
2013;7;2019;Institutos Profesionales;Semipresencial;Resto IP+CFT;5368;32;204;728;5367;204;728
2013;8;2020;Centros de Formación Técnica;No presencial;Resto IP+CFT;5;1;1;2;5;1;2
2013;8;2020;Centros de Formación Técnica;Semipresencial;Resto IP+CFT;1112;1;1;140;1112;1;140
2013;8;2020;Institutos Profesionales;No presencial;Resto IP+CFT;1827;18;66;261;1827;66;261
2013;8;2020;Institutos Profesionales;Semipresencial;Resto IP+CFT;5368;18;136;633;5367;136;633
2013;9;2021;Centros de Formación Técnica;No presencial;Resto IP+CFT;5;0;0;3;5;0;3
2013;9;2021;Centros de Formación Técnica;Semipresencial;Resto IP+CFT;1112;1;1;143;1112;1;143
2013;9;2021;Institutos Profesionales;No presencial;Resto IP+CFT;1827;20;60;289;1827;60;289
2013;9;2021;Institutos Profesionales;Semipresencial;Resto IP+CFT;5368;12;90;671;5367;90;670
2013;10;2022;Centros de Formación Técnica;No presencial;Resto IP+CFT;5;0;0;3;5;0;3
2013;10;2022;Centros de Formación Técnica;Semipresencial;Resto IP+CFT;1112;1;2;117;1112;2;117
2013;10;2022;Institutos Profesionales;No presencial;Resto IP+CFT;1827;19;60;280;1827;60;280
2013;10;2022;Institutos Profesionales;Semipresencial;Resto IP+CFT;5368;7;65;628;5367;65;628
2013;11;2023;Centros de Formación Técnica;No presencial;Resto IP+CFT;5;0;0;4;5;0;4
2013;11;2023;Centros de Formación Técnica;Semipresencial;Resto IP+CFT;1112;1;1;112;1112;1;112
2013;11;2023;Institutos Profesionales;No presencial;Resto IP+CFT;1827;16;63;274;1827;63;274
2013;11;2023;Institutos Profesionales;Semipresencial;Resto IP+CFT;5368;6;63;600;5367;63;600
2013;12;2024;Centros de Formación Técnica;No presencial;Resto IP+CFT;5;0;0;2;5;0;2
2013;12;2024;Centros de Formación Técnica;Semipresencial;Resto IP+CFT;1112;1;1;105;1112;1;105
2013;12;2024;Institutos Profesionales;No presencial;Resto IP+CFT;1827;10;42;256;1827;42;256
2013;12;2024;Institutos Profesionales;Semipresencial;Resto IP+CFT;5368;6;47;546;5367;47;546
2013;13;2025;Centros de Formación Técnica;No presencial;Resto IP+CFT;5;0;0;3;5;0;3
2013;13;2025;Centros de Formación Técnica;Semipresencial;Resto IP+CFT;1112;0;0;106;1112;0;106
2013;13;2025;Institutos Profesionales;No presencial;Resto IP+CFT;1827;5;32;249;1827;32;249
2013;13;2025;Institutos Profesionales;Semipresencial;Resto IP+CFT;5368;5;36;544;5367;36;544
2014;1;2014;Centros de Formación Técnica;Semipresencial;Resto IP+CFT;1626;1626;1626;1626;1626;1626;1626
2014;1;2014;Institutos Profesionales;No presencial;Resto IP+CFT;2908;2908;2908;2908;2907;2907;2907
2014;1;2014;Institutos Profesionales;Semipresencial;Resto IP+CFT;7278;7278;7278;7278;7250;7250;7250
2014;2;2015;Centros de Formación Técnica;Semipresencial;Resto IP+CFT;1626;1059;1077;1161;1626;1077;1161
2014;2;2015;Institutos Profesionales;No presencial;Resto IP+CFT;2908;1112;1189;1367;2907;1189;1366
2014;2;2015;Institutos Profesionales;Semipresencial;Resto IP+CFT;7278;4550;4776;5139;7250;4752;5114
2014;3;2016;Centros de Formación Técnica;Semipresencial;Resto IP+CFT;1626;555;577;966;1626;577;966
2014;3;2016;Institutos Profesionales;No presencial;Resto IP+CFT;2908;684;758;1014;2907;758;1013
2014;3;2016;Institutos Profesionales;Semipresencial;Resto IP+CFT;7278;2948;3631;4105;7250;3624;4096
2014;4;2017;Centros de Formación Técnica;Semipresencial;Resto IP+CFT;1626;85;97;597;1626;97;597
2014;4;2017;Institutos Profesionales;No presencial;Resto IP+CFT;2908;239;325;655;2907;325;654
2014;4;2017;Institutos Profesionales;Semipresencial;Resto IP+CFT;7278;975;2018;2644;7250;2016;2637
2014;5;2018;Centros de Formación Técnica;Semipresencial;Resto IP+CFT;1626;16;21;385;1626;21;385
2014;5;2018;Institutos Profesionales;No presencial;Resto IP+CFT;2908;156;240;586;2907;240;585
2014;5;2018;Institutos Profesionales;Semipresencial;Resto IP+CFT;7278;376;950;1612;7250;950;1608
2014;6;2019;Centros de Formación Técnica;Semipresencial;Resto IP+CFT;1626;3;5;305;1626;5;305
2014;6;2019;Institutos Profesionales;No presencial;Resto IP+CFT;2908;83;170;511;2907;170;511
2014;6;2019;Institutos Profesionales;Semipresencial;Resto IP+CFT;7278;120;395;1095;7250;395;1093
2014;7;2020;Centros de Formación Técnica;Semipresencial;Resto IP+CFT;1626;3;4;248;1626;4;248
2014;7;2020;Institutos Profesionales;No presencial;Resto IP+CFT;2908;33;88;414;2907;88;414
2014;7;2020;Institutos Profesionales;Semipresencial;Resto IP+CFT;7278;45;199;838;7250;199;835
2014;8;2021;Centros de Formación Técnica;Semipresencial;Resto IP+CFT;1626;1;2;227;1626;2;227
2014;8;2021;Institutos Profesionales;No presencial;Resto IP+CFT;2908;35;104;502;2907;104;502
2014;8;2021;Institutos Profesionales;Semipresencial;Resto IP+CFT;7278;31;150;909;7250;150;904
2014;9;2022;Centros de Formación Técnica;Semipresencial;Resto IP+CFT;1626;1;2;207;1626;2;207
2014;9;2022;Institutos Profesionales;No presencial;Resto IP+CFT;2908;21;103;500;2907;103;500
2014;9;2022;Institutos Profesionales;Semipresencial;Resto IP+CFT;7278;17;117;858;7250;117;856
2014;10;2023;Centros de Formación Técnica;Semipresencial;Resto IP+CFT;1626;0;2;199;1626;2;199
2014;10;2023;Institutos Profesionales;No presencial;Resto IP+CFT;2908;21;108;478;2907;108;478
2014;10;2023;Institutos Profesionales;Semipresencial;Resto IP+CFT;7278;11;103;781;7250;103;779
2014;11;2024;Centros de Formación Técnica;Semipresencial;Resto IP+CFT;1626;0;0;180;1626;0;180
2014;11;2024;Institutos Profesionales;No presencial;Resto IP+CFT;2908;18;87;454;2907;87;454
2014;11;2024;Institutos Profesionales;Semipresencial;Resto IP+CFT;7278;10;89;779;7250;89;777
2014;12;2025;Centros de Formación Técnica;Semipresencial;Resto IP+CFT;1626;0;0;157;1626;0;157
2014;12;2025;Institutos Profesionales;No presencial;Resto IP+CFT;2908;11;70;461;2907;70;461
2014;12;2025;Institutos Profesionales;Semipresencial;Resto IP+CFT;7278;5;65;753;7250;65;752
2015;1;2015;Centros de Formación Técnica;No presencial;Resto IP+CFT;335;335;335;335;334;334;334
2015;1;2015;Centros de Formación Técnica;Semipresencial;Resto IP+CFT;1628;1628;1628;1628;1628;1628;1628
2015;1;2015;Institutos Profesionales;No presencial;Resto IP+CFT;4942;4942;4942;4942;4936;4936;4936
2015;1;2015;Institutos Profesionales;No presencial + semipresencial;Resto IP+CFT;7;7;7;7;7;7;7
2015;1;2015;Institutos Profesionales;Semipresencial;Resto IP+CFT;5070;5070;5070;5070;5070;5070;5070
2015;2;2016;Centros de Formación Técnica;No presencial;Resto IP+CFT;335;26;33;103;334;33;103
2015;2;2016;Centros de Formación Técnica;Semipresencial;Resto IP+CFT;1628;1096;1107;1204;1628;1107;1204
2015;2;2016;Institutos Profesionales;No presencial;Resto IP+CFT;4942;2189;2347;2616;4936;2346;2611
2015;2;2016;Institutos Profesionales;No presencial + semipresencial;Resto IP+CFT;7;2;2;2;7;2;2
2015;2;2016;Institutos Profesionales;Semipresencial;Resto IP+CFT;5070;3365;3519;3726;5070;3519;3726
2015;3;2017;Centros de Formación Técnica;No presencial;Resto IP+CFT;335;22;28;107;334;28;107
2015;3;2017;Centros de Formación Técnica;Semipresencial;Resto IP+CFT;1628;554;568;935;1628;568;935
2015;3;2017;Institutos Profesionales;No presencial;Resto IP+CFT;4942;1540;1722;2127;4936;1721;2123
2015;3;2017;Institutos Profesionales;No presencial + semipresencial;Resto IP+CFT;7;0;3;5;7;3;5
2015;3;2017;Institutos Profesionales;Semipresencial;Resto IP+CFT;5070;2369;2924;3233;5070;2924;3233
2015;4;2018;Centros de Formación Técnica;No presencial;Resto IP+CFT;335;0;0;76;334;0;76
2015;4;2018;Centros de Formación Técnica;Semipresencial;Resto IP+CFT;1628;43;49;536;1628;49;536
2015;4;2018;Institutos Profesionales;No presencial;Resto IP+CFT;4942;750;948;1490;4936;948;1487
2015;4;2018;Institutos Profesionales;No presencial + semipresencial;Resto IP+CFT;7;0;1;4;7;1;4
2015;4;2018;Institutos Profesionales;Semipresencial;Resto IP+CFT;5070;772;1644;2059;5070;1644;2059
2015;5;2019;Centros de Formación Técnica;No presencial;Resto IP+CFT;335;0;0;74;334;0;74
2015;5;2019;Centros de Formación Técnica;Semipresencial;Resto IP+CFT;1628;7;8;395;1628;8;395
2015;5;2019;Institutos Profesionales;No presencial;Resto IP+CFT;4942;292;466;1050;4936;466;1049
2015;5;2019;Institutos Profesionales;No presencial + semipresencial;Resto IP+CFT;7;0;0;2;7;0;2
2015;5;2019;Institutos Profesionales;Semipresencial;Resto IP+CFT;5070;293;732;1180;5070;732;1180
2015;6;2020;Centros de Formación Técnica;No presencial;Resto IP+CFT;335;0;0;84;334;0;84
2015;6;2020;Centros de Formación Técnica;Semipresencial;Resto IP+CFT;1628;6;8;276;1628;8;276
2015;6;2020;Institutos Profesionales;No presencial;Resto IP+CFT;4942;84;226;817;4936;226;816
2015;6;2020;Institutos Profesionales;No presencial + semipresencial;Resto IP+CFT;7;0;0;2;7;0;2
2015;6;2020;Institutos Profesionales;Semipresencial;Resto IP+CFT;5070;62;265;701;5070;265;701
2015;7;2021;Centros de Formación Técnica;No presencial;Resto IP+CFT;335;0;0;68;334;0;68
2015;7;2021;Centros de Formación Técnica;Semipresencial;Resto IP+CFT;1628;3;4;269;1628;4;269
2015;7;2021;Institutos Profesionales;No presencial;Resto IP+CFT;4942;80;241;907;4936;241;905
2015;7;2021;Institutos Profesionales;No presencial + semipresencial;Resto IP+CFT;7;0;0;1;7;0;1
2015;7;2021;Institutos Profesionales;Semipresencial;Resto IP+CFT;5070;26;155;668;5070;155;668
2015;8;2022;Centros de Formación Técnica;No presencial;Resto IP+CFT;335;0;0;69;334;0;69
2015;8;2022;Centros de Formación Técnica;Semipresencial;Resto IP+CFT;1628;1;3;236;1628;3;236
2015;8;2022;Institutos Profesionales;No presencial;Resto IP+CFT;4942;77;201;840;4936;201;838
2015;8;2022;Institutos Profesionales;No presencial + semipresencial;Resto IP+CFT;7;0;0;1;7;0;1
2015;8;2022;Institutos Profesionales;Semipresencial;Resto IP+CFT;5070;12;111;645;5070;111;645
2015;9;2023;Centros de Formación Técnica;No presencial;Resto IP+CFT;335;0;0;59;334;0;59
2015;9;2023;Centros de Formación Técnica;Semipresencial;Resto IP+CFT;1628;1;2;215;1628;2;215
2015;9;2023;Institutos Profesionales;No presencial;Resto IP+CFT;4942;60;175;771;4936;175;767
2015;9;2023;Institutos Profesionales;No presencial + semipresencial;Resto IP+CFT;7;0;0;0;7;0;0
2015;9;2023;Institutos Profesionales;Semipresencial;Resto IP+CFT;5070;7;81;626;5070;81;626
2015;10;2024;Centros de Formación Técnica;No presencial;Resto IP+CFT;335;0;0;58;334;0;58
2015;10;2024;Centros de Formación Técnica;Semipresencial;Resto IP+CFT;1628;2;2;205;1628;2;205
2015;10;2024;Institutos Profesionales;No presencial;Resto IP+CFT;4942;33;139;726;4936;139;723
2015;10;2024;Institutos Profesionales;No presencial + semipresencial;Resto IP+CFT;7;0;0;2;7;0;2
2015;10;2024;Institutos Profesionales;Semipresencial;Resto IP+CFT;5070;6;58;550;5070;58;550
2015;11;2025;Centros de Formación Técnica;No presencial;Resto IP+CFT;335;0;0;53;334;0;53
2015;11;2025;Centros de Formación Técnica;Semipresencial;Resto IP+CFT;1628;0;1;184;1628;1;184
2015;11;2025;Institutos Profesionales;No presencial;Resto IP+CFT;4942;22;125;726;4936;125;722
2015;11;2025;Institutos Profesionales;No presencial + semipresencial;Resto IP+CFT;7;0;0;1;7;0;1
2015;11;2025;Institutos Profesionales;Semipresencial;Resto IP+CFT;5070;3;44;510;5070;44;510
2016;1;2016;Centros de Formación Técnica;No presencial;Resto IP+CFT;16;16;16;16;16;16;16
2016;1;2016;Centros de Formación Técnica;Semipresencial;Resto IP+CFT;493;493;493;493;493;493;493
2016;1;2016;Institutos Profesionales;No presencial;Resto IP+CFT;7674;7674;7674;7674;7660;7660;7660
2016;1;2016;Institutos Profesionales;Semipresencial;Resto IP+CFT;5481;5481;5481;5481;5480;5480;5480
2016;2;2017;Centros de Formación Técnica;No presencial;Resto IP+CFT;16;0;14;14;16;14;14
2016;2;2017;Centros de Formación Técnica;Semipresencial;Resto IP+CFT;493;303;305;330;493;305;330
2016;2;2017;Institutos Profesionales;No presencial;Resto IP+CFT;7674;4064;4298;4661;7660;4295;4654
2016;2;2017;Institutos Profesionales;Semipresencial;Resto IP+CFT;5481;3538;3687;3891;5480;3687;3890
2016;3;2018;Centros de Formación Técnica;No presencial;Resto IP+CFT;16;0;0;6;16;0;6
2016;3;2018;Centros de Formación Técnica;Semipresencial;Resto IP+CFT;493;69;72;206;493;72;206
2016;3;2018;Institutos Profesionales;No presencial;Resto IP+CFT;7674;2201;2505;3124;7660;2502;3118
2016;3;2018;Institutos Profesionales;Semipresencial;Resto IP+CFT;5481;2192;2986;3333;5480;2986;3333
2016;4;2019;Centros de Formación Técnica;No presencial;Resto IP+CFT;16;0;0;6;16;0;6
2016;4;2019;Centros de Formación Técnica;Semipresencial;Resto IP+CFT;493;20;20;167;493;20;167
2016;4;2019;Institutos Profesionales;No presencial;Resto IP+CFT;7674;1588;1856;2577;7660;1856;2574
2016;4;2019;Institutos Profesionales;Semipresencial;Resto IP+CFT;5481;637;1507;1983;5480;1507;1983
2016;5;2020;Centros de Formación Técnica;No presencial;Resto IP+CFT;16;0;0;3;16;0;3
2016;5;2020;Centros de Formación Técnica;Semipresencial;Resto IP+CFT;493;4;7;103;493;7;103
2016;5;2020;Institutos Profesionales;No presencial;Resto IP+CFT;7674;396;664;1443;7660;664;1441
2016;5;2020;Institutos Profesionales;Semipresencial;Resto IP+CFT;5481;206;578;1088;5480;578;1088
2016;6;2021;Centros de Formación Técnica;No presencial;Resto IP+CFT;16;0;0;1;16;0;1
2016;6;2021;Centros de Formación Técnica;Semipresencial;Resto IP+CFT;493;6;10;94;493;10;94
2016;6;2021;Institutos Profesionales;No presencial;Resto IP+CFT;7674;302;552;1548;7660;552;1544
2016;6;2021;Institutos Profesionales;Semipresencial;Resto IP+CFT;5481;63;288;877;5480;288;877
2016;7;2022;Centros de Formación Técnica;No presencial;Resto IP+CFT;16;0;0;0;16;0;0
2016;7;2022;Centros de Formación Técnica;Semipresencial;Resto IP+CFT;493;2;4;77;493;4;77
2016;7;2022;Institutos Profesionales;No presencial;Resto IP+CFT;7674;196;432;1444;7660;431;1439
2016;7;2022;Institutos Profesionales;Semipresencial;Resto IP+CFT;5481;26;177;738;5480;177;738
2016;8;2023;Centros de Formación Técnica;No presencial;Resto IP+CFT;16;1;1;4;16;1;4
2016;8;2023;Centros de Formación Técnica;Semipresencial;Resto IP+CFT;493;0;2;68;493;2;68
2016;8;2023;Institutos Profesionales;No presencial;Resto IP+CFT;7674;126;364;1308;7660;364;1304
2016;8;2023;Institutos Profesionales;Semipresencial;Resto IP+CFT;5481;13;122;692;5480;122;692
2016;9;2024;Centros de Formación Técnica;No presencial;Resto IP+CFT;16;0;0;3;16;0;3
2016;9;2024;Centros de Formación Técnica;Semipresencial;Resto IP+CFT;493;2;3;72;493;3;72
2016;9;2024;Institutos Profesionales;No presencial;Resto IP+CFT;7674;69;240;1132;7660;240;1126
2016;9;2024;Institutos Profesionales;Semipresencial;Resto IP+CFT;5481;3;101;667;5480;101;667
2016;10;2025;Centros de Formación Técnica;No presencial;Resto IP+CFT;16;0;0;3;16;0;3
2016;10;2025;Centros de Formación Técnica;Semipresencial;Resto IP+CFT;493;1;1;66;493;1;66
2016;10;2025;Institutos Profesionales;No presencial;Resto IP+CFT;7674;47;213;1177;7660;213;1173
2016;10;2025;Institutos Profesionales;Semipresencial;Resto IP+CFT;5481;4;69;648;5480;69;648
2017;1;2017;Centros de Formación Técnica;No presencial;Resto IP+CFT;14;14;14;14;14;14;14
2017;1;2017;Centros de Formación Técnica;Semipresencial;Resto IP+CFT;560;560;560;560;560;560;560
2017;1;2017;Institutos Profesionales;No presencial;ECS;149;149;149;149;149;149;149
2017;1;2017;Institutos Profesionales;No presencial;Resto IP+CFT;7810;7810;7810;7810;7800;7800;7800
2017;1;2017;Institutos Profesionales;Semipresencial;Resto IP+CFT;5349;5349;5349;5349;5349;5349;5349
2017;2;2018;Centros de Formación Técnica;No presencial;Resto IP+CFT;14;7;9;9;14;9;9
2017;2;2018;Centros de Formación Técnica;Semipresencial;Resto IP+CFT;560;344;347;395;560;347;395
2017;2;2018;Institutos Profesionales;No presencial;ECS;149;58;64;78;149;64;78
2017;2;2018;Institutos Profesionales;No presencial;Resto IP+CFT;7810;3710;3817;4261;7800;3815;4256
2017;2;2018;Institutos Profesionales;Semipresencial;Resto IP+CFT;5349;3426;3588;3862;5349;3588;3862
2017;3;2019;Centros de Formación Técnica;No presencial;Resto IP+CFT;14;2;2;3;14;2;3
2017;3;2019;Centros de Formación Técnica;Semipresencial;Resto IP+CFT;560;60;63;223;560;63;223
2017;3;2019;Institutos Profesionales;No presencial;ECS;149;47;51;68;149;51;68
2017;3;2019;Institutos Profesionales;No presencial;Resto IP+CFT;7810;1909;2125;2778;7800;2125;2775
2017;3;2019;Institutos Profesionales;Semipresencial;Resto IP+CFT;5349;2159;2759;3145;5349;2759;3145
2017;4;2020;Centros de Formación Técnica;No presencial;Resto IP+CFT;14;0;0;2;14;0;2
2017;4;2020;Centros de Formación Técnica;Semipresencial;Resto IP+CFT;560;7;9;181;560;9;181
2017;4;2020;Institutos Profesionales;No presencial;ECS;149;31;33;51;149;33;51
2017;4;2020;Institutos Profesionales;No presencial;Resto IP+CFT;7810;1089;1367;2176;7800;1365;2171
2017;4;2020;Institutos Profesionales;Semipresencial;Resto IP+CFT;5349;638;1255;1672;5349;1255;1672
2017;5;2021;Centros de Formación Técnica;No presencial;Resto IP+CFT;14;0;0;3;14;0;3
2017;5;2021;Centros de Formación Técnica;Semipresencial;Resto IP+CFT;560;6;8;138;560;8;138
2017;5;2021;Institutos Profesionales;No presencial;ECS;149;27;28;49;149;28;49
2017;5;2021;Institutos Profesionales;No presencial;Resto IP+CFT;7810;549;921;1977;7800;920;1974
2017;5;2021;Institutos Profesionales;Semipresencial;Resto IP+CFT;5349;245;595;1139;5349;595;1139
2017;6;2022;Centros de Formación Técnica;No presencial;Resto IP+CFT;14;1;1;3;14;1;3
2017;6;2022;Centros de Formación Técnica;Semipresencial;Resto IP+CFT;560;1;2;109;560;2;109
2017;6;2022;Institutos Profesionales;No presencial;ECS;149;5;6;33;149;6;33
2017;6;2022;Institutos Profesionales;No presencial;Resto IP+CFT;7810;259;572;1699;7800;571;1696
2017;6;2022;Institutos Profesionales;Semipresencial;Resto IP+CFT;5349;74;288;897;5349;288;897
2017;7;2023;Centros de Formación Técnica;No presencial;Resto IP+CFT;14;0;0;1;14;0;1
2017;7;2023;Centros de Formación Técnica;Semipresencial;Resto IP+CFT;560;1;2;94;560;2;94
2017;7;2023;Institutos Profesionales;No presencial;ECS;149;3;4;27;149;4;27
2017;7;2023;Institutos Profesionales;No presencial;Resto IP+CFT;7810;186;456;1516;7800;455;1515
2017;7;2023;Institutos Profesionales;Semipresencial;Resto IP+CFT;5349;25;163;777;5349;163;777
2017;8;2024;Centros de Formación Técnica;No presencial;Resto IP+CFT;14;0;0;2;14;0;2
2017;8;2024;Centros de Formación Técnica;Semipresencial;Resto IP+CFT;560;0;0;73;560;0;73
2017;8;2024;Institutos Profesionales;No presencial;ECS;149;4;4;26;149;4;26
2017;8;2024;Institutos Profesionales;No presencial;Resto IP+CFT;7810;88;287;1365;7800;285;1362
2017;8;2024;Institutos Profesionales;Semipresencial;Resto IP+CFT;5349;17;133;719;5349;133;719
2017;9;2025;Centros de Formación Técnica;No presencial;Resto IP+CFT;14;0;0;3;14;0;3
2017;9;2025;Centros de Formación Técnica;Semipresencial;Resto IP+CFT;560;0;1;80;560;1;80
2017;9;2025;Institutos Profesionales;No presencial;ECS;149;0;1;30;149;1;30
2017;9;2025;Institutos Profesionales;No presencial;Resto IP+CFT;7810;66;249;1382;7800;247;1379
2017;9;2025;Institutos Profesionales;Semipresencial;Resto IP+CFT;5349;5;88;681;5349;88;681
2018;1;2018;Centros de Formación Técnica;No presencial;Resto IP+CFT;142;142;142;142;142;142;142
2018;1;2018;Centros de Formación Técnica;Semipresencial;Resto IP+CFT;728;728;728;728;728;728;728
2018;1;2018;Institutos Profesionales;No presencial;ECS;222;222;222;222;222;222;222
2018;1;2018;Institutos Profesionales;No presencial;Resto IP+CFT;12143;12143;12143;12143;12133;12133;12133
2018;1;2018;Institutos Profesionales;Semipresencial;Resto IP+CFT;3895;3895;3895;3895;3895;3895;3895
2018;2;2019;Centros de Formación Técnica;No presencial;Resto IP+CFT;142;48;63;72;142;63;72
2018;2;2019;Centros de Formación Técnica;Semipresencial;Resto IP+CFT;728;408;411;456;728;411;456
2018;2;2019;Institutos Profesionales;No presencial;ECS;222;75;79;99;222;79;99
2018;2;2019;Institutos Profesionales;No presencial;Resto IP+CFT;12143;6936;7071;7569;12133;7069;7564
2018;2;2019;Institutos Profesionales;Semipresencial;Resto IP+CFT;3895;2620;2704;2845;3895;2704;2845
2018;3;2020;Centros de Formación Técnica;No presencial;Resto IP+CFT;142;2;5;33;142;5;33
2018;3;2020;Centros de Formación Técnica;Semipresencial;Resto IP+CFT;728;78;82;257;728;82;257
2018;3;2020;Institutos Profesionales;No presencial;ECS;222;36;40;71;222;40;71
2018;3;2020;Institutos Profesionales;No presencial;Resto IP+CFT;12143;4143;4412;5246;12133;4411;5242
2018;3;2020;Institutos Profesionales;Semipresencial;Resto IP+CFT;3895;1642;2058;2256;3895;2058;2256
2018;4;2021;Centros de Formación Técnica;No presencial;Resto IP+CFT;142;0;3;40;142;3;40
2018;4;2021;Centros de Formación Técnica;Semipresencial;Resto IP+CFT;728;31;36;245;728;36;245
2018;4;2021;Institutos Profesionales;No presencial;ECS;222;33;41;85;222;41;85
2018;4;2021;Institutos Profesionales;No presencial;Resto IP+CFT;12143;2023;2511;3806;12133;2511;3804
2018;4;2021;Institutos Profesionales;Semipresencial;Resto IP+CFT;3895;481;1026;1380;3895;1026;1380
2018;5;2022;Centros de Formación Técnica;No presencial;Resto IP+CFT;142;0;0;31;142;0;31
2018;5;2022;Centros de Formación Técnica;Semipresencial;Resto IP+CFT;728;14;15;175;728;15;175
2018;5;2022;Institutos Profesionales;No presencial;ECS;222;28;32;72;222;32;72
2018;5;2022;Institutos Profesionales;No presencial;Resto IP+CFT;12143;886;1456;2938;12133;1455;2935
2018;5;2022;Institutos Profesionales;Semipresencial;Resto IP+CFT;3895;141;422;838;3895;422;838
2018;6;2023;Centros de Formación Técnica;No presencial;Resto IP+CFT;142;1;2;30;142;2;30
2018;6;2023;Centros de Formación Técnica;Semipresencial;Resto IP+CFT;728;4;7;129;728;7;129
2018;6;2023;Institutos Profesionales;No presencial;ECS;222;7;11;55;222;11;55
2018;6;2023;Institutos Profesionales;No presencial;Resto IP+CFT;12143;429;938;2461;12133;938;2458
2018;6;2023;Institutos Profesionales;Semipresencial;Resto IP+CFT;3895;37;180;600;3895;180;600
2018;7;2024;Centros de Formación Técnica;No presencial;Resto IP+CFT;142;2;5;31;142;5;31
2018;7;2024;Centros de Formación Técnica;Semipresencial;Resto IP+CFT;728;2;5;109;728;5;109
2018;7;2024;Institutos Profesionales;No presencial;ECS;222;1;8;46;222;8;46
2018;7;2024;Institutos Profesionales;No presencial;Resto IP+CFT;12143;194;577;2147;12133;577;2145
2018;7;2024;Institutos Profesionales;Semipresencial;Resto IP+CFT;3895;14;116;534;3895;116;534
2018;8;2025;Centros de Formación Técnica;No presencial;Resto IP+CFT;142;1;2;37;142;2;37
2018;8;2025;Centros de Formación Técnica;Semipresencial;Resto IP+CFT;728;2;3;106;728;3;106
2018;8;2025;Institutos Profesionales;No presencial;ECS;222;2;9;51;222;9;51
2018;8;2025;Institutos Profesionales;No presencial;Resto IP+CFT;12143;137;502;2116;12133;501;2112
2018;8;2025;Institutos Profesionales;Semipresencial;Resto IP+CFT;3895;8;78;518;3895;78;518
2019;1;2019;Centros de Formación Técnica;No presencial;Resto IP+CFT;64;64;64;64;64;64;64
2019;1;2019;Centros de Formación Técnica;Semipresencial;Resto IP+CFT;333;333;333;333;333;333;333
2019;1;2019;Institutos Profesionales;No presencial;ECS;281;281;281;281;281;281;281
2019;1;2019;Institutos Profesionales;No presencial;Resto IP+CFT;14332;14332;14332;14332;14307;14307;14307
2019;1;2019;Institutos Profesionales;Semipresencial;Resto IP+CFT;2812;2812;2812;2812;2811;2811;2811
2019;2;2020;Centros de Formación Técnica;No presencial;Resto IP+CFT;64;22;25;31;64;25;31
2019;2;2020;Centros de Formación Técnica;Semipresencial;Resto IP+CFT;333;181;184;207;333;184;207
2019;2;2020;Institutos Profesionales;No presencial;ECS;281;119;126;146;281;126;146
2019;2;2020;Institutos Profesionales;No presencial;Resto IP+CFT;14332;8408;8568;9141;14307;8564;9125
2019;2;2020;Institutos Profesionales;Semipresencial;Resto IP+CFT;2812;1689;1758;1840;2811;1758;1840
2019;3;2021;Centros de Formación Técnica;No presencial;Resto IP+CFT;64;27;30;39;64;30;39
2019;3;2021;Centros de Formación Técnica;Semipresencial;Resto IP+CFT;333;62;67;124;333;67;124
2019;3;2021;Institutos Profesionales;No presencial;ECS;281;69;80;109;281;80;109
2019;3;2021;Institutos Profesionales;No presencial;Resto IP+CFT;14332;5463;5857;7000;14307;5853;6985
2019;3;2021;Institutos Profesionales;Semipresencial;Resto IP+CFT;2812;1209;1585;1743;2811;1585;1743
2019;4;2022;Centros de Formación Técnica;No presencial;Resto IP+CFT;64;7;9;23;64;9;23
2019;4;2022;Centros de Formación Técnica;Semipresencial;Resto IP+CFT;333;13;15;84;333;15;84
2019;4;2022;Institutos Profesionales;No presencial;ECS;281;39;50;95;281;50;95
2019;4;2022;Institutos Profesionales;No presencial;Resto IP+CFT;14332;2397;3088;4640;14307;3087;4633
2019;4;2022;Institutos Profesionales;Semipresencial;Resto IP+CFT;2812;349;758;1012;2811;758;1012
2019;5;2023;Centros de Formación Técnica;No presencial;Resto IP+CFT;64;1;1;18;64;1;18
2019;5;2023;Centros de Formación Técnica;Semipresencial;Resto IP+CFT;333;6;8;73;333;8;73
2019;5;2023;Institutos Profesionales;No presencial;ECS;281;27;36;87;281;36;87
2019;5;2023;Institutos Profesionales;No presencial;Resto IP+CFT;14332;1228;2015;3684;14307;2014;3676
2019;5;2023;Institutos Profesionales;Semipresencial;Resto IP+CFT;2812;120;309;626;2811;309;626
2019;6;2024;Centros de Formación Técnica;No presencial;Resto IP+CFT;64;1;1;14;64;1;14
2019;6;2024;Centros de Formación Técnica;Semipresencial;Resto IP+CFT;333;2;3;67;333;3;67
2019;6;2024;Institutos Profesionales;No presencial;ECS;281;7;19;74;281;19;74
2019;6;2024;Institutos Profesionales;No presencial;Resto IP+CFT;14332;370;959;2730;14307;959;2724
2019;6;2024;Institutos Profesionales;Semipresencial;Resto IP+CFT;2812;33;163;507;2811;163;507
2019;7;2025;Centros de Formación Técnica;No presencial;Resto IP+CFT;64;0;0;13;64;0;13
2019;7;2025;Centros de Formación Técnica;Semipresencial;Resto IP+CFT;333;3;3;60;333;3;60
2019;7;2025;Institutos Profesionales;No presencial;ECS;281;3;15;62;281;15;62
2019;7;2025;Institutos Profesionales;No presencial;Resto IP+CFT;14332;216;709;2625;14307;709;2618
2019;7;2025;Institutos Profesionales;Semipresencial;Resto IP+CFT;2812;6;95;444;2811;95;444
2020;1;2020;Centros de Formación Técnica;No presencial;ECS;174;174;174;174;174;174;174
2020;1;2020;Centros de Formación Técnica;No presencial;Resto IP+CFT;312;312;312;312;301;301;301
2020;1;2020;Centros de Formación Técnica;Semipresencial;Resto IP+CFT;51;51;51;51;51;51;51
2020;1;2020;Institutos Profesionales;No presencial;ECS;107;107;107;107;107;107;107
2020;1;2020;Institutos Profesionales;No presencial;Resto IP+CFT;14665;14665;14665;14665;14645;14645;14645
2020;1;2020;Institutos Profesionales;Semipresencial;Resto IP+CFT;1158;1158;1158;1158;1158;1158;1158
2020;2;2021;Centros de Formación Técnica;No presencial;ECS;174;95;96;115;174;96;115
2020;2;2021;Centros de Formación Técnica;No presencial;Resto IP+CFT;312;176;178;202;301;177;199
2020;2;2021;Centros de Formación Técnica;Semipresencial;Resto IP+CFT;51;32;33;34;51;33;34
2020;2;2021;Institutos Profesionales;No presencial;ECS;107;60;61;72;107;61;72
2020;2;2021;Institutos Profesionales;No presencial;Resto IP+CFT;14665;9674;9884;10546;14645;9875;10529
2020;2;2021;Institutos Profesionales;Semipresencial;Resto IP+CFT;1158;757;786;842;1158;786;842
2020;3;2022;Centros de Formación Técnica;No presencial;ECS;174;60;63;86;174;63;86
2020;3;2022;Centros de Formación Técnica;No presencial;Resto IP+CFT;312;37;39;83;301;38;81
2020;3;2022;Centros de Formación Técnica;Semipresencial;Resto IP+CFT;51;26;29;35;51;29;35
2020;3;2022;Institutos Profesionales;No presencial;ECS;107;47;53;69;107;53;69
2020;3;2022;Institutos Profesionales;No presencial;Resto IP+CFT;14665;5811;6343;7449;14645;6336;7438
2020;3;2022;Institutos Profesionales;Semipresencial;Resto IP+CFT;1158;518;647;734;1158;647;734
2020;4;2023;Centros de Formación Técnica;No presencial;ECS;174;15;17;58;174;17;58
2020;4;2023;Centros de Formación Técnica;No presencial;Resto IP+CFT;312;8;11;66;301;11;63
2020;4;2023;Centros de Formación Técnica;Semipresencial;Resto IP+CFT;51;6;9;14;51;9;14
2020;4;2023;Institutos Profesionales;No presencial;ECS;107;40;41;58;107;41;58
2020;4;2023;Institutos Profesionales;No presencial;Resto IP+CFT;14665;3056;3882;5345;14645;3880;5340
2020;4;2023;Institutos Profesionales;Semipresencial;Resto IP+CFT;1158;141;272;386;1158;272;386
2020;5;2024;Centros de Formación Técnica;No presencial;ECS;174;3;3;60;174;3;60
2020;5;2024;Centros de Formación Técnica;No presencial;Resto IP+CFT;312;6;11;83;301;11;80
2020;5;2024;Centros de Formación Técnica;Semipresencial;Resto IP+CFT;51;2;3;13;51;3;13
2020;5;2024;Institutos Profesionales;No presencial;ECS;107;33;35;57;107;35;57
2020;5;2024;Institutos Profesionales;No presencial;Resto IP+CFT;14665;1273;2155;3898;14645;2153;3893
2020;5;2024;Institutos Profesionales;Semipresencial;Resto IP+CFT;1158;82;171;315;1158;171;315
2020;6;2025;Centros de Formación Técnica;No presencial;ECS;174;0;0;45;174;0;45
2020;6;2025;Centros de Formación Técnica;No presencial;Resto IP+CFT;312;7;10;74;301;10;71
2020;6;2025;Centros de Formación Técnica;Semipresencial;Resto IP+CFT;51;0;0;9;51;0;9
2020;6;2025;Institutos Profesionales;No presencial;ECS;107;4;7;35;107;7;35
2020;6;2025;Institutos Profesionales;No presencial;Resto IP+CFT;14665;465;1137;3122;14645;1137;3118
2020;6;2025;Institutos Profesionales;Semipresencial;Resto IP+CFT;1158;9;53;215;1158;53;215
2021;1;2021;Centros de Formación Técnica;No presencial;ECS;358;358;358;358;358;358;358
2021;1;2021;Centros de Formación Técnica;No presencial;Resto IP+CFT;886;886;886;886;885;885;885
2021;1;2021;Centros de Formación Técnica;Semipresencial;Resto IP+CFT;83;83;83;83;83;83;83
2021;1;2021;Institutos Profesionales;No presencial;ECS;170;170;170;170;170;170;170
2021;1;2021;Institutos Profesionales;No presencial;Resto IP+CFT;22441;22441;22441;22441;22421;22421;22421
2021;1;2021;Institutos Profesionales;Semipresencial;Resto IP+CFT;994;994;994;994;994;994;994
2021;2;2022;Centros de Formación Técnica;No presencial;ECS;358;232;235;255;358;235;255
2021;2;2022;Centros de Formación Técnica;No presencial;Resto IP+CFT;886;263;267;322;885;267;321
2021;2;2022;Centros de Formación Técnica;Semipresencial;Resto IP+CFT;83;37;42;45;83;42;45
2021;2;2022;Institutos Profesionales;No presencial;ECS;170;107;110;121;170;110;121
2021;2;2022;Institutos Profesionales;No presencial;Resto IP+CFT;22441;14821;15133;15949;22421;15127;15934
2021;2;2022;Institutos Profesionales;Semipresencial;Resto IP+CFT;994;637;665;702;994;665;702
2021;3;2023;Centros de Formación Técnica;No presencial;ECS;358;126;127;171;358;127;171
2021;3;2023;Centros de Formación Técnica;No presencial;Resto IP+CFT;886;339;343;425;885;343;424
2021;3;2023;Centros de Formación Técnica;Semipresencial;Resto IP+CFT;83;25;31;39;83;31;39
2021;3;2023;Institutos Profesionales;No presencial;ECS;170;75;77;97;170;77;97
2021;3;2023;Institutos Profesionales;No presencial;Resto IP+CFT;22441;10670;11313;12694;22421;11311;12685
2021;3;2023;Institutos Profesionales;Semipresencial;Resto IP+CFT;994;421;524;599;994;524;599
2021;4;2024;Centros de Formación Técnica;No presencial;ECS;358;20;21;108;358;21;108
2021;4;2024;Centros de Formación Técnica;No presencial;Resto IP+CFT;886;77;86;206;885;86;205
2021;4;2024;Centros de Formación Técnica;Semipresencial;Resto IP+CFT;83;6;7;21;83;7;21
2021;4;2024;Institutos Profesionales;No presencial;ECS;170;60;62;80;170;62;80
2021;4;2024;Institutos Profesionales;No presencial;Resto IP+CFT;22441;4046;5204;7267;22421;5204;7261
2021;4;2024;Institutos Profesionales;Semipresencial;Resto IP+CFT;994;111;216;334;994;216;334
2021;5;2025;Centros de Formación Técnica;No presencial;ECS;358;0;0;83;358;0;83
2021;5;2025;Centros de Formación Técnica;No presencial;Resto IP+CFT;886;69;77;224;885;77;223
2021;5;2025;Centros de Formación Técnica;Semipresencial;Resto IP+CFT;83;1;2;18;83;2;18
2021;5;2025;Institutos Profesionales;No presencial;ECS;170;12;16;43;170;16;43
2021;5;2025;Institutos Profesionales;No presencial;Resto IP+CFT;22441;1830;3153;5775;22421;3153;5769
2021;5;2025;Institutos Profesionales;Semipresencial;Resto IP+CFT;994;46;107;249;994;107;249
2022;1;2022;Centros de Formación Técnica;No presencial;ECS;373;373;373;373;357;357;357
2022;1;2022;Centros de Formación Técnica;No presencial;Resto IP+CFT;389;389;389;389;387;387;387
2022;1;2022;Centros de Formación Técnica;Semipresencial;Resto IP+CFT;18;18;18;18;18;18;18
2022;1;2022;Institutos Profesionales;No presencial;ECS;183;183;183;183;183;183;183
2022;1;2022;Institutos Profesionales;No presencial;Resto IP+CFT;30211;30211;30211;30211;30139;30139;30139
2022;1;2022;Institutos Profesionales;Semipresencial;Resto IP+CFT;969;969;969;969;969;969;969
2022;2;2023;Centros de Formación Técnica;No presencial;ECS;373;220;231;264;357;222;254
2022;2;2023;Centros de Formación Técnica;No presencial;Resto IP+CFT;389;125;126;155;387;126;155
2022;2;2023;Centros de Formación Técnica;Semipresencial;Resto IP+CFT;18;14;15;16;18;15;16
2022;2;2023;Institutos Profesionales;No presencial;ECS;183;100;101;123;183;101;123
2022;2;2023;Institutos Profesionales;No presencial;Resto IP+CFT;30211;18965;19335;20772;30139;19322;20716
2022;2;2023;Institutos Profesionales;Semipresencial;Resto IP+CFT;969;718;747;773;969;747;773
2022;3;2024;Centros de Formación Técnica;No presencial;ECS;373;117;123;189;357;118;181
2022;3;2024;Centros de Formación Técnica;No presencial;Resto IP+CFT;389;117;119;167;387;119;167
2022;3;2024;Centros de Formación Técnica;Semipresencial;Resto IP+CFT;18;11;13;14;18;13;14
2022;3;2024;Institutos Profesionales;No presencial;ECS;183;63;65;91;183;65;91
2022;3;2024;Institutos Profesionales;No presencial;Resto IP+CFT;30211;11011;11998;14498;30139;11995;14460
2022;3;2024;Institutos Profesionales;Semipresencial;Resto IP+CFT;969;487;575;631;969;575;631
2022;4;2025;Centros de Formación Técnica;No presencial;ECS;373;7;7;110;357;7;105
2022;4;2025;Centros de Formación Técnica;No presencial;Resto IP+CFT;389;48;59;132;387;58;131
2022;4;2025;Centros de Formación Técnica;Semipresencial;Resto IP+CFT;18;0;1;2;18;1;2
2022;4;2025;Institutos Profesionales;No presencial;ECS;183;41;43;73;183;43;73
2022;4;2025;Institutos Profesionales;No presencial;Resto IP+CFT;30211;5461;6838;10341;30139;6838;10308
2022;4;2025;Institutos Profesionales;Semipresencial;Resto IP+CFT;969;156;253;349;969;253;349
2023;1;2023;Centros de Formación Técnica;No presencial;ECS;316;316;316;316;316;316;316
2023;1;2023;Centros de Formación Técnica;No presencial;Resto IP+CFT;751;751;751;751;744;744;744
2023;1;2023;Centros de Formación Técnica;Semipresencial;Resto IP+CFT;152;152;152;152;151;151;151
2023;1;2023;Institutos Profesionales;No presencial;ECS;152;152;152;152;152;152;152
2023;1;2023;Institutos Profesionales;No presencial;Resto IP+CFT;35702;35702;35702;35702;35612;35612;35612
2023;1;2023;Institutos Profesionales;Semipresencial;Resto IP+CFT;2145;2145;2145;2145;2143;2143;2143
2023;2;2024;Centros de Formación Técnica;No presencial;ECS;316;152;153;184;316;153;184
2023;2;2024;Centros de Formación Técnica;No presencial;Resto IP+CFT;751;371;373;465;744;368;458
2023;2;2024;Centros de Formación Técnica;Semipresencial;Resto IP+CFT;152;104;113;122;151;112;121
2023;2;2024;Institutos Profesionales;No presencial;ECS;152;95;104;115;152;104;115
2023;2;2024;Institutos Profesionales;No presencial;Resto IP+CFT;35702;22389;23083;24871;35612;23068;24799
2023;2;2024;Institutos Profesionales;Semipresencial;Resto IP+CFT;2145;1186;1287;1382;2143;1287;1381
2023;3;2025;Centros de Formación Técnica;No presencial;ECS;316;26;27;100;316;27;100
2023;3;2025;Centros de Formación Técnica;No presencial;Resto IP+CFT;751;314;320;422;744;316;417
2023;3;2025;Centros de Formación Técnica;Semipresencial;Resto IP+CFT;152;47;55;71;151;55;71
2023;3;2025;Institutos Profesionales;No presencial;ECS;152;51;55;72;152;55;72
2023;3;2025;Institutos Profesionales;No presencial;Resto IP+CFT;35702;13890;15177;18239;35612;15168;18189
2023;3;2025;Institutos Profesionales;Semipresencial;Resto IP+CFT;2145;704;764;932;2143;764;931
2024;1;2024;Centros de Formación Técnica;No presencial;Resto IP+CFT;1761;1761;1761;1761;1758;1758;1758
2024;1;2024;Centros de Formación Técnica;Semipresencial;Resto IP+CFT;220;220;220;220;220;220;220
2024;1;2024;Institutos Profesionales;No presencial;ECS;1697;1697;1697;1697;1692;1692;1692
2024;1;2024;Institutos Profesionales;No presencial;Resto IP+CFT;34501;34501;34501;34501;34413;34413;34413
2024;1;2024;Institutos Profesionales;Semipresencial;Resto IP+CFT;2877;2877;2877;2877;2873;2873;2873
2024;2;2025;Centros de Formación Técnica;No presencial;Resto IP+CFT;1761;956;968;1121;1758;966;1118
2024;2;2025;Centros de Formación Técnica;Semipresencial;Resto IP+CFT;220;127;147;161;220;147;161
2024;2;2025;Institutos Profesionales;No presencial;ECS;1697;1137;1155;1266;1692;1154;1264
2024;2;2025;Institutos Profesionales;No presencial;Resto IP+CFT;34501;22155;22709;24601;34413;22697;24537
2024;2;2025;Institutos Profesionales;Semipresencial;Resto IP+CFT;2877;2095;2132;2234;2873;2130;2232
2025;1;2025;Centros de Formación Técnica;No presencial;Resto IP+CFT;2591;2591;2591;2591;2580;2580;2580
2025;1;2025;Centros de Formación Técnica;Semipresencial;Resto IP+CFT;313;313;313;313;313;313;313
2025;1;2025;Institutos Profesionales;No presencial;ECS;2299;2299;2299;2299;2297;2297;2297
2025;1;2025;Institutos Profesionales;No presencial;Resto IP+CFT;41715;41715;41715;41715;41562;41562;41562
2025;1;2025;Institutos Profesionales;Semipresencial;Resto IP+CFT;3315;3315;3315;3315;3314;3314;3314
